{
    "model": {
        "type": "condition",
        "property": "minecraft:custom_model_data",
        "on_true": {
            "type": "select",
            "property": "minecraft:custom_model_data",
            "index": 0,
            "cases": [
                {
                    "when": "traincarts_locomotive_full",
                    "model": {
                        "type": "minecraft:model",
                        "model": "traincarts:nubx/traincarts_locomotive_full"
                    }
                },
                {
                    "when": "traincarts_locomotive_base",
                    "model": {
                        "type": "minecraft:model",
                        "model": "traincarts:nubx/traincarts_locomotive_base"
                    }
                },
                {
                    "when": "traincarts_locomotive_wheels",
                    "model": {
                        "type": "minecraft:model",
                        "model": "traincarts:nubx/traincarts_locomotive_wheels"
                    }
                },
                {
                    "when": "traincarts_locomotive_piston",
                    "model": {
                        "type": "minecraft:model",
                        "model": "traincarts:nubx/traincarts_locomotive_piston"
                    }
                },
                {
                    "when": ["coaster_cart_red", "red_cart"],
                    "model": {
                        "type": "minecraft:model",
                        "model": "traincarts:maxi/coaster_cart_red"
                    }
                },
                {
                    "when": ["coaster_cart_green", "green_cart"],
                    "model": {
                        "type": "minecraft:model",
                        "model": "traincarts:maxi/coaster_cart_green"
                    }
                },
                {
                    "when": ["coaster_cart_blue", "blue_cart"],
                    "model": {
                        "type": "minecraft:model",
                        "model": "traincarts:maxi/coaster_cart_blue"
                    }
                },
                {
                    "when": "traincarts_carriage_red_full",
                    "model": {
                        "type": "minecraft:model",
                        "model": "traincarts:nubx/traincarts_carriage_red_full"
                    }
                },
                {
                    "when": "traincarts_carriage_green_full",
                    "model": {
                        "type": "minecraft:model",
                        "model": "traincarts:nubx/traincarts_carriage_green_full"
                    }
                },
                {
                    "when": "traincarts_carriage_blue_full",
                    "model": {
                        "type": "minecraft:model",
                        "model": "traincarts:nubx/traincarts_carriage_blue_full"
                    }
                },
                {
                    "when": "traincarts_carriage_red_base",
                    "model": {
                        "type": "minecraft:model",
                        "model": "traincarts:nubx/traincarts_carriage_red_base"
                    }
                },
                {
                    "when": "traincarts_carriage_green_base",
                    "model": {
                        "type": "minecraft:model",
                        "model": "traincarts:nubx/traincarts_carriage_green_base"
                    }
                },
                {
                    "when": "traincarts_carriage_blue_base",
                    "model": {
                        "type": "minecraft:model",
                        "model": "traincarts:nubx/traincarts_carriage_blue_base"
                    }
                },
                {
                    "when": "traincarts_carriage_wheels",
                    "model": {
                        "type": "minecraft:model",
                        "model": "traincarts:nubx/traincarts_carriage_wheels"
                    }
                }
            ],
            "fallback": {
                "type": "minecraft:model",
                "model": "minecraft:item/golden_sword"
            }
        },
        "on_false": {
            "type": "minecraft:model",
            "model": "traincarts:nubx/traincarts_locomotive_full"
        }
    }
}
