{
    "model": {
        "type": "range_dispatch",
        "property": "minecraft:custom_model_data",
        "entries": [
            {
                "threshold": 10,
                "model": {
                    "type": "minecraft:model",
                    "model": "traincarts:nubx/traincarts_locomotive_full"
                }
            },
            {
                "threshold": 11,
                "model": {
                    "type": "minecraft:model",
                    "model": "traincarts:nubx/traincarts_locomotive_base"
                }
            },
            {
                "threshold": 12,
                "model": {
                    "type": "minecraft:model",
                    "model": "traincarts:nubx/traincarts_locomotive_wheels"
                }
            },
            {
                "threshold": 13,
                "model": {
                    "type": "minecraft:model",
                    "model": "traincarts:nubx/traincarts_locomotive_piston"
                }
            },
            {
                "threshold": 17,
                "model": {
                    "type": "minecraft:model",
                    "model": "traincarts:maxi/coaster_cart_red"
                }
            },
            {
                "threshold": 18,
                "model": {
                    "type": "minecraft:model",
                    "model": "traincarts:maxi/coaster_cart_green"
                }
            },
            {
                "threshold": 19,
                "model": {
                    "type": "minecraft:model",
                    "model": "traincarts:maxi/coaster_cart_blue"
                }
            },
            {
                "threshold": 20,
                "model": {
                    "type": "minecraft:model",
                    "model": "traincarts:nubx/traincarts_carriage_red_full"
                }
            },
            {
                "threshold": 21,
                "model": {
                    "type": "minecraft:model",
                    "model": "traincarts:nubx/traincarts_carriage_green_full"
                }
            },
            {
                "threshold": 22,
                "model": {
                    "type": "minecraft:model",
                    "model": "traincarts:nubx/traincarts_carriage_blue_full"
                }
            },
            {
                "threshold": 23,
                "model": {
                    "type": "minecraft:model",
                    "model": "traincarts:nubx/traincarts_carriage_red_base"
                }
            },
            {
                "threshold": 24,
                "model": {
                    "type": "minecraft:model",
                    "model": "traincarts:nubx/traincarts_carriage_green_base"
                }
            },
            {
                "threshold": 25,
                "model": {
                    "type": "minecraft:model",
                    "model": "traincarts:nubx/traincarts_carriage_blue_base"
                }
            },
            {
                "threshold": 26,
                "model": {
                    "type": "minecraft:model",
                    "model": "traincarts:nubx/traincarts_carriage_wheels"
                }
            }
        ],
        "fallback": {
            "type": "minecraft:model",
            "model": "minecraft:item/golden_axe"
        }
    }
}
